{
  "display": {
    "icon": {
      "item": "minecraft:warped_fungus_on_a_stick",
      "nbt": "{CustomModelData:2220113}"
    },
    "title": "Pure!",
    "description": "Craft a purification spell by throwing a copy of the book of healing and healing 2 potion onto an enchanting table whilst having at least 30 levels of xp"
  },
  "parent": "botalchemy:sorcery/white_sorcery",
  "criteria": {
    "requirement": {
      "trigger": "minecraft:inventory_changed",
      "conditions": {
        "items": [
          {
            "nbt": "{ctc:{id:'purification_spell', from:'hexuar:botalchemy'}}"
          }
        ]
      }
    }
  }
}
