{
    "condition": "minecraft:entity_properties",
    "entity": "this",
    "predicate": {
      "equipment": {
        "head": {
          "nbt": "{ctc:{id:'blood_netherite_helmet', from:'hexuar:botalchemy'}}"
        },
        "chest": {
          "nbt": "{ctc:{id:'blood_netherite_chestplate', from:'hexuar:botalchemy'}}"
        },
        "legs": {
          "nbt": "{ctc:{id:'blood_netherite_leggings', from:'hexuar:botalchemy'}}"
        },
        "feet": {
          "nbt": "{ctc:{id:'blood_netherite_boots', from:'hexuar:botalchemy'}}"
        }
      }
    }
  }
  