{
  "pools": [
    {
      "rolls": 1,
      "entries": [
        {
          "type": "minecraft:item",
          "name": "minecraft:netherite_boots",
          "functions": [
            {
              "function": "minecraft:set_attributes",
              "modifiers": [
                {
                  "attribute": "minecraft:generic.armor",
                  "name": "generic.armor",
                  "amount": 5,
                  "operation": "addition",
                  "slot": "feet"
                },
                {
                  "attribute": "minecraft:generic.armor_toughness",
                  "name": "generic.armor_toughness",
                  "amount": 4,
                  "operation": "addition",
                  "slot": "feet"
                },
                {
                  "attribute": "minecraft:generic.knockback_resistance",
                  "name": "generic.knockback_resistance",
                  "amount": 0.2,
                  "operation": "addition",
                  "slot": "feet"
                }
              ]
            },
            {
              "function": "minecraft:set_nbt",
              "tag": "{CustomModelData: 2220102}"
            },
            {
              "function": "minecraft:set_nbt",
              "tag": "{ctc: {id: 'blood_netherite_boots', from: 'hexuar:botalchemy', traits: {'item': 1b, 'armor': 1b}}}"
            },
            {
              "function": "minecraft:set_name",
              "name": {
                "translate": "item.botalchemy.blood_netherite_boots",
                "color": "white",
                "italic": false
              }
            },
            {
              "function": "minecraft:set_lore",
              "lore": [
                {
                  "translate": "pack.botalchemy",
                  "color": "blue",
                  "italic": true
                }
              ]
            }
          ]
        }
      ]
    }
  ]
}
