{
    "pools": [
        {
            "rolls": 1,
            "entries": [
                {
                    "type": "minecraft:item",
                    "name": "minecraft:potion",
                    "functions": [
                        {
                            "function": "minecraft:set_nbt",
                            "tag": "{CustomPotionColor:11568383,CustomPotionEffects:[{Duration: 1000, Id: 1b, Amplifier: 1b},{Duration: 1000, Id: 5b, Amplifier: 1b},{Duration: 1000, Id: 8b, Amplifier: 1b},{Duration: 1000, Id: 10b, Amplifier: 1b},{Duration: 1000, Id: 11b, Amplifier: 1b},{Duration: 1000, Id: 12b, Amplifier: 1b},{Duration: 1000, Id: 22b, Amplifier: 2b}]}"
                        },
                        {
                            "function": "minecraft:set_nbt",
                            "tag": "{ctc: {id: 'diluted_dragon_blood_bottle', from: 'hexuar:botalchemy', traits: {'item': 1b}}}"
                        },
                        {
                          "function": "minecraft:set_name",
                          "name": {
                            "translate": "item.botalchemy.diluted_dragon_blood_bottle",
                            "italic": false,
                            "color": "light_purple"
                          }
                        },
                        {
                          "function": "minecraft:set_lore",
                          "lore": [
                            {
                              "translate": "pack.botalchemy",
                              "color": "blue",
                              "italic": true
                            }
                          ]
                        }
                    ]
                }
            ]
        }
    ]
}