{
	"credit": "Made with Blockbench",
	"texture_size": [64, 64],
	"textures": {
		"0": "block/alchemy_table"
	},
	"elements": [
		{
			"from": [0, 12, 0],
			"to": [16, 16, 16],
			"faces": {
				"north": {"uv": [0, 0, 4, 1], "texture": "#0"},
				"east": {"uv": [0, 0, 4, 1], "texture": "#0"},
				"south": {"uv": [0, 0, 4, 1], "texture": "#0"},
				"west": {"uv": [0, 0, 4, 1], "texture": "#0"},
				"up": {"uv": [0, 0, 4, 4], "texture": "#0"},
				"down": {"uv": [0, 0, 4, 4], "rotation": 180, "texture": "#0"}
			}
		},
		{
			"from": [0, 0, 0],
			"to": [4, 12, 4],
			"faces": {
				"north": {"uv": [6.75, 4, 7.75, 8], "texture": "#0"},
				"east": {"uv": [4, 4, 5, 8], "texture": "#0"},
				"south": {"uv": [5, 4, 6, 8], "texture": "#0"},
				"west": {"uv": [6, 4, 7, 8], "texture": "#0"},
				"up": {"uv": [7, 7, 8, 8], "texture": "#0"},
				"down": {"uv": [4, 4, 5, 5], "rotation": 180, "texture": "#0"}
			}
		},
		{
			"from": [12, 0, 0],
			"to": [16, 12, 4],
			"faces": {
				"north": {"uv": [6.75, 4, 7.75, 8], "texture": "#0"},
				"east": {"uv": [4, 4, 5, 8], "texture": "#0"},
				"south": {"uv": [5, 4, 6, 8], "texture": "#0"},
				"west": {"uv": [6, 4, 7, 8], "texture": "#0"},
				"up": {"uv": [7, 7, 8, 8], "texture": "#0"},
				"down": {"uv": [4, 4, 5, 5], "rotation": 180, "texture": "#0"}
			}
		},
		{
			"from": [12, 0, 12],
			"to": [16, 12, 16],
			"faces": {
				"north": {"uv": [6.75, 4, 7.75, 8], "texture": "#0"},
				"east": {"uv": [4, 4, 5, 8], "texture": "#0"},
				"south": {"uv": [5, 4, 6, 8], "texture": "#0"},
				"west": {"uv": [6, 4, 7, 8], "texture": "#0"},
				"up": {"uv": [7, 7, 8, 8], "texture": "#0"},
				"down": {"uv": [4, 4, 5, 5], "rotation": 180, "texture": "#0"}
			}
		},
		{
			"from": [0, 0, 12],
			"to": [4, 12, 16],
			"faces": {
				"north": {"uv": [6.75, 4, 7.75, 8], "texture": "#0"},
				"east": {"uv": [4, 4, 5, 8], "texture": "#0"},
				"south": {"uv": [5, 4, 6, 8], "texture": "#0"},
				"west": {"uv": [6, 4, 7, 8], "texture": "#0"},
				"up": {"uv": [7, 7, 8, 8], "texture": "#0"},
				"down": {"uv": [4, 4, 5, 5], "rotation": 180, "texture": "#0"}
			}
		},
		{
			"from": [3, 16, 13],
			"to": [13, 17, 14],
			"rotation": {"angle": 0, "axis": "y", "origin": [8, 16.5, 8]},
			"faces": {
				"north": {"uv": [4.5, 0.5, 7, 0.75], "texture": "#0"},
				"east": {"uv": [4.5, 0.5, 4.75, 0.75], "texture": "#0"},
				"south": {"uv": [4.5, 0.5, 7, 0.75], "texture": "#0"},
				"west": {"uv": [4.5, 0.5, 4.75, 0.75], "texture": "#0"},
				"up": {"uv": [4.5, 0.5, 4.75, 3], "rotation": 90, "texture": "#0"},
				"down": {"uv": [4.5, 0.5, 4.75, 3], "rotation": 270, "texture": "#0"}
			}
		},
		{
			"from": [3, 16.025, 3],
			"to": [13, 16.025, 13],
			"rotation": {"angle": 0, "axis": "y", "origin": [8, 16.5, 8]},
			"faces": {
				"north": {"uv": [4.5, 0.5, 7, 0.75], "texture": "#0"},
				"east": {"uv": [4.5, 0.5, 4.75, 0.75], "texture": "#0"},
				"south": {"uv": [4.5, 0.5, 7, 0.75], "texture": "#0"},
				"west": {"uv": [4.5, 0.5, 4.75, 0.75], "texture": "#0"},
				"up": {"uv": [4.5, 0.5, 4.75, 3], "rotation": 90, "texture": "#0"},
				"down": {"uv": [4.5, 0.5, 4.75, 3], "rotation": 270, "texture": "#0"}
			}
		},
		{
			"from": [2, 16, 2],
			"to": [3, 17, 14],
			"faces": {
				"north": {"uv": [4.5, 0.5, 4.75, 0.75], "texture": "#0"},
				"east": {"uv": [4.5, 0.5, 7.5, 0.75], "texture": "#0"},
				"south": {"uv": [4.5, 0.5, 4.75, 0.75], "texture": "#0"},
				"west": {"uv": [4.5, 0.5, 7.5, 0.75], "texture": "#0"},
				"up": {"uv": [4.5, 0.5, 4.75, 3.5], "texture": "#0"},
				"down": {"uv": [4.5, 0.5, 4.75, 3.5], "texture": "#0"}
			}
		},
		{
			"from": [3, 16, 2],
			"to": [13, 17, 3],
			"rotation": {"angle": 0, "axis": "y", "origin": [8, 16.5, 8]},
			"faces": {
				"north": {"uv": [4.5, 0.5, 7, 0.75], "texture": "#0"},
				"east": {"uv": [4.5, 0.5, 4.75, 0.75], "texture": "#0"},
				"south": {"uv": [4.5, 0.5, 7, 0.75], "texture": "#0"},
				"west": {"uv": [4.5, 0.5, 4.75, 0.75], "texture": "#0"},
				"up": {"uv": [4.5, 0.5, 4.75, 3], "rotation": 90, "texture": "#0"},
				"down": {"uv": [4.5, 0.5, 4.75, 3], "rotation": 270, "texture": "#0"}
			}
		},
		{
			"from": [13, 16, 2],
			"to": [14, 17, 14],
			"faces": {
				"north": {"uv": [4.5, 0.5, 4.75, 0.75], "texture": "#0"},
				"east": {"uv": [4.5, 0.5, 7.5, 0.75], "texture": "#0"},
				"south": {"uv": [4.5, 0.5, 4.75, 0.75], "texture": "#0"},
				"west": {"uv": [4.5, 0.5, 7.5, 0.75], "texture": "#0"},
				"up": {"uv": [4.5, 0.5, 4.75, 3.5], "texture": "#0"},
				"down": {"uv": [4.5, 0.5, 4.75, 3.5], "texture": "#0"}
			}
		}
	],
	"display": {
		"thirdperson_righthand": {
			"rotation": [75, 45, 0],
			"translation": [0, 2.5, 0],
			"scale": [0.375, 0.375, 0.375]
		},
		"firstperson_righthand": {
			"rotation": [0, 45, 0],
			"scale": [0.4, 0.4, 0.4]
		},
		"firstperson_lefthand": {
			"rotation": [0, 225, 0],
			"scale": [0.4, 0.4, 0.4]
		},
		"ground": {
			"translation": [0, 2, 0],
			"scale": [0.25, 0.25, 0.25]
		},
		"gui": {
			"rotation": [30, 225, 0],
			"scale": [0.625, 0.625, 0.625]
		},
		"head": {
			"translation": [-18.25, -14.75, -18.25],
			"scale": [2.3, 2.3, 2.3]
		},
		"fixed": {
			"translation": [0, 0, -4.5],
			"scale": [0.5, 0.5, 0.5]
		}
	},
	"groups": [
		{
			"name": "alchemy table",
			"origin": [8, 8, 8],
			"color": 0,
			"children": [
				{
					"name": "table",
					"origin": [8, 8, 8],
					"color": 0,
					"children": [0, 1, 2, 3, 4]
				},
				{
					"name": "detail",
					"origin": [8, 8, 8],
					"color": 0,
					"children": []
				}
			]
		},
		{
			"name": "group",
			"origin": [0, 0, 0],
			"color": 0,
			"children": [5, 6, 7, 8, 9]
		}
	]
}