{
	"credit": "Made with Blockbench",
	"textures": {
		"0": "block/undead_portal",
		"particle": "block/undead_portal"
	},
	"elements": [
		{
			"from": [8, -16, 10],
			"to": [24, 0, 10],
			"faces": {
				"north": {"uv": [0, 0, 16, 16], "texture": "#0"},
				"east": {"uv": [0, 0, 4, 16], "texture": "#0"},
				"south": {"uv": [0, 0, 16, 16], "texture": "#0"},
				"west": {"uv": [0, 0, 4, 16], "texture": "#missing"},
				"up": {"uv": [0, 4, 16, 8], "texture": "#missing"},
				"down": {"uv": [0, 12, 16, 16], "rotation": 180, "texture": "#0"}
			}
		},
		{
			"from": [-8, -16, 10],
			"to": [8, 0, 10],
			"faces": {
				"north": {"uv": [0, 0, 16, 16], "texture": "#0"},
				"east": {"uv": [0, 0, 4, 16], "texture": "#missing"},
				"south": {"uv": [0, 0, 16, 16], "texture": "#0"},
				"west": {"uv": [0, 0, 4, 16], "texture": "#0"},
				"up": {"uv": [0, 4, 16, 8], "texture": "#missing"},
				"down": {"uv": [0, 12, 16, 16], "rotation": 180, "texture": "#0"}
			}
		},
		{
			"from": [-8, 0, 10],
			"to": [8, 16, 10],
			"faces": {
				"north": {"uv": [0, 0, 16, 16], "texture": "#0"},
				"east": {"uv": [0, 0, 4, 16], "texture": "#missing"},
				"south": {"uv": [0, 0, 16, 16], "texture": "#0"},
				"west": {"uv": [0, 0, 4, 16], "texture": "#0"},
				"up": {"uv": [10, 11, 10, 11], "texture": "#missing"},
				"down": {"uv": [0, 12, 16, 16], "rotation": 180, "texture": "#missing"}
			}
		},
		{
			"from": [8, 0, 10],
			"to": [24, 16, 10],
			"faces": {
				"north": {"uv": [0, 0, 16, 16], "texture": "#0"},
				"east": {"uv": [0, 0, 4, 16], "texture": "#0"},
				"south": {"uv": [0, 0, 16, 16], "texture": "#0"},
				"west": {"uv": [0, 0, 4, 16], "texture": "#missing"},
				"up": {"uv": [10, 11, 10, 11], "texture": "#missing"},
				"down": {"uv": [0, 12, 16, 16], "rotation": 180, "texture": "#missing"}
			}
		},
		{
			"from": [8, 16, 10],
			"to": [24, 32, 10],
			"faces": {
				"north": {"uv": [0, 0, 16, 16], "texture": "#0"},
				"east": {"uv": [0, 0, 4, 16], "texture": "#0"},
				"south": {"uv": [0, 0, 16, 16], "texture": "#0"},
				"west": {"uv": [0, 0, 4, 16], "texture": "#missing"},
				"up": {"uv": [0, 4, 16, 8], "texture": "#0"},
				"down": {"uv": [0, 15, 16, 15], "rotation": 180, "texture": "#missing"}
			}
		},
		{
			"from": [-8, 16, 10],
			"to": [8, 32, 10],
			"faces": {
				"north": {"uv": [0, 0, 16, 16], "texture": "#0"},
				"east": {"uv": [0, 0, 4, 16], "texture": "#missing"},
				"south": {"uv": [0, 0, 16, 16], "texture": "#0"},
				"west": {"uv": [0, 0, 4, 16], "texture": "#0"},
				"up": {"uv": [0, 4, 16, 8], "texture": "#0"},
				"down": {"uv": [15, 14, 15, 14], "rotation": 270, "texture": "#missing"}
			}
		},
		{
			"from": [8, -16, 6],
			"to": [24, 0, 6],
			"faces": {
				"north": {"uv": [0, 0, 16, 16], "texture": "#0"},
				"east": {"uv": [0, 0, 4, 16], "texture": "#0"},
				"south": {"uv": [0, 0, 16, 16], "texture": "#0"},
				"west": {"uv": [0, 0, 4, 16], "texture": "#missing"},
				"up": {"uv": [0, 4, 16, 8], "texture": "#missing"},
				"down": {"uv": [0, 12, 16, 16], "rotation": 180, "texture": "#0"}
			}
		},
		{
			"from": [-8, -16, 6],
			"to": [8, 0, 6],
			"faces": {
				"north": {"uv": [0, 0, 16, 16], "texture": "#0"},
				"east": {"uv": [0, 0, 4, 16], "texture": "#missing"},
				"south": {"uv": [0, 0, 16, 16], "texture": "#0"},
				"west": {"uv": [0, 0, 4, 16], "texture": "#0"},
				"up": {"uv": [0, 4, 16, 8], "texture": "#missing"},
				"down": {"uv": [0, 12, 16, 16], "rotation": 180, "texture": "#0"}
			}
		},
		{
			"from": [-8, 0, 6],
			"to": [8, 16, 6],
			"faces": {
				"north": {"uv": [0, 0, 16, 16], "texture": "#0"},
				"east": {"uv": [0, 0, 4, 16], "texture": "#missing"},
				"south": {"uv": [0, 0, 16, 16], "texture": "#0"},
				"west": {"uv": [0, 0, 4, 16], "texture": "#0"},
				"up": {"uv": [10, 11, 10, 11], "texture": "#missing"},
				"down": {"uv": [0, 12, 16, 16], "rotation": 180, "texture": "#missing"}
			}
		},
		{
			"from": [8, 0, 6],
			"to": [24, 16, 6],
			"faces": {
				"north": {"uv": [0, 0, 16, 16], "texture": "#0"},
				"east": {"uv": [0, 0, 4, 16], "texture": "#0"},
				"south": {"uv": [0, 0, 16, 16], "texture": "#0"},
				"west": {"uv": [0, 0, 4, 16], "texture": "#missing"},
				"up": {"uv": [10, 11, 10, 11], "texture": "#missing"},
				"down": {"uv": [0, 12, 16, 16], "rotation": 180, "texture": "#missing"}
			}
		},
		{
			"from": [8, 16, 6],
			"to": [24, 32, 6],
			"faces": {
				"north": {"uv": [0, 0, 16, 16], "texture": "#0"},
				"east": {"uv": [0, 0, 4, 16], "texture": "#0"},
				"south": {"uv": [0, 0, 16, 16], "texture": "#0"},
				"west": {"uv": [0, 0, 4, 16], "texture": "#missing"},
				"up": {"uv": [0, 4, 16, 8], "texture": "#0"},
				"down": {"uv": [0, 15, 16, 15], "rotation": 180, "texture": "#missing"}
			}
		},
		{
			"from": [-8, 16, 6],
			"to": [8, 32, 6],
			"faces": {
				"north": {"uv": [0, 0, 16, 16], "texture": "#0"},
				"east": {"uv": [0, 0, 4, 16], "texture": "#missing"},
				"south": {"uv": [0, 0, 16, 16], "texture": "#0"},
				"west": {"uv": [0, 0, 4, 16], "texture": "#0"},
				"up": {"uv": [0, 4, 16, 8], "texture": "#0"},
				"down": {"uv": [15, 14, 15, 14], "rotation": 270, "texture": "#missing"}
			}
		}
	],
	"display": {
		"thirdperson_righthand": {
			"rotation": [75, 45, 0],
			"translation": [0, 2.5, 0],
			"scale": [0.375, 0.375, 0.375]
		},
		"firstperson_righthand": {
			"rotation": [0, 45, 0],
			"scale": [0.4, 0.4, 0.4]
		},
		"firstperson_lefthand": {
			"rotation": [0, 225, 0],
			"scale": [0.4, 0.4, 0.4]
		},
		"ground": {
			"translation": [0, 2, 0],
			"scale": [0.25, 0.25, 0.25]
		},
		"gui": {
			"rotation": [30, 225, 0],
			"scale": [0.625, 0.625, 0.625]
		},
		"head": {
			"translation": [0, -30.5, 0],
			"scale": [1.6, 1.6, 1.6]
		},
		"fixed": {
			"translation": [0, 0, -4.5],
			"scale": [0.5, 0.5, 0.5]
		}
	},
	"groups": [
		{
			"name": "group",
			"origin": [0, 0, 0],
			"color": 0,
			"children": [0, 1, 2, 3, 4, 5]
		},
		{
			"name": "group",
			"origin": [0, 0, 0],
			"color": 0,
			"children": [6, 7, 8, 9, 10, 11]
		}
	]
}