{
  "display": {
    "icon": {
      "item": "minecraft:warped_fungus_on_a_stick",
      "nbt": "{CustomModelData:2220112}"
    },
    "title": "On my command!",
    "description": "Craft a skeletal staff by throwing a skeleton skull and 2 bones onto an enchanting table whilst having at least 30 levels of xp"
  },
  "parent": "botalchemy:sorcery/necromancy",
  "criteria": {
    "requirement": {
      "trigger": "minecraft:inventory_changed",
      "conditions": {
        "items": [
          {
            "nbt": "{ctc:{id:'skeletal_staff', from:'hexuar:botalchemy'}}"
          }
        ]
      }
    }
  }
}
