{
  "display": {
    "icon": {
      "item": "minecraft:warped_fungus_on_a_stick",
      "nbt": "{CustomModelData:2220111}"
    },
    "title": "Rise my minions!",
    "description": "Craft an undead book by throwing a copy of the book of withering and a skeleton skull onto an enchanting table whilst having at least 30 levels of xp"
  },
  "parent": "botalchemy:sorcery/necromancy",
  "criteria": {
    "requirement": {
      "trigger": "minecraft:inventory_changed",
      "conditions": {
        "items": [
          {
            "nbt": "{ctc:{id:'undead_book', from:'hexuar:botalchemy'}}"
          }
        ]
      }
    }
  }
}
