{
  "display": {
    "icon": {
      "item": "minecraft:warped_fungus_on_a_stick",
      "nbt": "{CustomModelData:2220107}"
    },
    "title": "Powered by Dragons™!",
    "description": "Craft a dragon spell by throwing a copy of the book of dragons and a dragon head onto an enchanting table whilst having at least 30 levels of xp"
  },
  "parent": "botalchemy:sorcery/dragon_book",
  "criteria": {
    "requirement": {
      "trigger": "minecraft:inventory_changed",
      "conditions": {
        "items": [
          {
            "nbt": "{ctc:{id:'dragon_spell', from:'hexuar:botalchemy'}}"
          }
        ]
      }
    }
  }
}
