{
    "display": {
      "icon": {
        "item": "minecraft:netherite_helmet",
        "nbt": "{CustomModelData:2220105}"
      },
      "title": "Evocation",
      "description": "Become an evoker by throwing your sorcerer armor pieces together with a villager blood bottle each on an enchanting table whilst having at least 30 levels of xp"
    },
    "parent": "botalchemy:sorcery/sorcerer_armor",
    "criteria": {
      "requirement": {
        "trigger": "minecraft:impossible"
      }
    }
  }
  