{
  "display": {
    "icon": {
      "item": "minecraft:warped_fungus_on_a_stick",
      "nbt": "{CustomModelData:2220105}"
    },
    "title": "ka-BOOM!",
    "description": "Craft an explosive spell by throwing a copy of the book of bombs and a tnt onto an enchanting table whilst having at least 30 levels of xp"
  },
  "parent": "botalchemy:sorcery/bomb_book",
  "criteria": {
    "requirement": {
      "trigger": "minecraft:inventory_changed",
      "conditions": {
        "items": [
          {
            "nbt": "{ctc:{id:'explosive_spell', from:'hexuar:botalchemy'}}"
          }
        ]
      }
    }
  }
}
