{
  "display": {
    "icon": {
      "item": "minecraft:warped_fungus_on_a_stick",
      "nbt": "{CustomModelData:2220114}"
    },
    "title": "Burn baby burn!",
    "description": "Craft a fire spell by throwing a copy of the book of dragons and a flint and steel onto an enchanting table whilst having at least 30 levels of xp"
  },
  "parent": "botalchemy:sorcery/dragon_book",
  "criteria": {
    "requirement": {
      "trigger": "minecraft:inventory_changed",
      "conditions": {
        "items": [
          {
            "nbt": "{ctc:{id:'fire_spell', from:'hexuar:botalchemy'}}"
          }
        ]
      }
    }
  }
}
