{
  "display": {
    "icon": {
      "item": "minecraft:warped_fungus_on_a_stick",
      "nbt": "{CustomModelData:2220108}"
    },
    "title": "Woo, Regen!",
    "description": "Craft a healing spell by throwing a copy of the book of healing and a potion of healing onto an enchanting table whilst having at least 20 levels of xp"
  },
  "parent": "botalchemy:sorcery/healing_book",
  "criteria": {
    "requirement": {
      "trigger": "minecraft:inventory_changed",
      "conditions": {
        "items": [
          {
            "nbt": "{ctc:{id:'healing_spell', from:'hexuar:botalchemy'}}"
          }
        ]
      }
    }
  }
}
