{
  "display": {
    "icon": {
      "item": "minecraft:warped_fungus_on_a_stick",
      "nbt": "{CustomModelData:2220104}"
    },
    "title": "Let there be light!",
    "description": "Craft a light spell by throwing a copy of the book of light and a glowstone block onto an enchanting table whilst having at least 10 levels of xp"
  },
  "parent": "botalchemy:sorcery/light_book",
  "criteria": {
    "requirement": {
      "trigger": "minecraft:inventory_changed",
      "conditions": {
        "items": [
          {
            "nbt": "{ctc:{id:'light_spell', from:'hexuar:botalchemy'}}"
          }
        ]
      }
    }
  }
}
