{
    "display": {
      "icon": {
        "item": "minecraft:netherite_helmet",
        "nbt": "{CustomModelData:2220104}"
      },
      "title": "Necromancy",
      "description": "Become a necromancer by throwing your sorcerer armor pieces together with a copy of the book of withering each on an enchanting table whilst having at least 30 levels of xp"
    },
    "parent": "botalchemy:sorcery/sorcerer_armor",
    "criteria": {
      "requirement": {
        "trigger": "minecraft:impossible"
      }
    }
  }
  