{
  "display": {
    "icon": {
      "item": "minecraft:netherite_helmet",
      "nbt": "{CustomModelData:2220107}"
    },
    "title": "A Sorcerers Robes",
    "description": "Craft a full set of sorcerer armor by throwing a copy of the book of dragons together with all diamond armor pieces one at a time whilst having at least 30 levels of xp"
  },
  "parent": "botalchemy:sorcery/light_spell",
  "criteria": {
    "requirement": {
      "trigger": "minecraft:inventory_changed",
      "conditions": {
        "items": [
          {
            "nbt": "{ctc:{'id':'sorcerer_helmet', from:'hexuar:botalchemy'}}"
          },
          {
            "nbt": "{ctc:{'id':'sorcerer_chestplate', from:'hexuar:botalchemy'}}"
          },
          {
            "nbt": "{ctc:{'id':'sorcerer_leggings', from:'hexuar:botalchemy'}}"
          },
          {
            "nbt": "{ctc:{'id':'sorcerer_boots', from:'hexuar:botalchemy'}}"
          }
        ]
      }
    }
  }
}
