{
    "display": {
      "icon": {
        "item": "minecraft:netherite_helmet",
        "nbt": "{CustomModelData:2220103}"
      },
      "title": "White Sorcery",
      "description": "Become a white sorcerer by throwing your sorcerer armor pieces together with a copy of the book of light each on an enchanting table whilst having at least 30 levels of xp"
    },
    "parent": "botalchemy:sorcery/sorcerer_armor",
    "criteria": {
      "requirement": {
        "trigger": "minecraft:inventory_changed",
        "conditions": {
          "items": [
            {
              "nbt": "{ctc:{'id':'light_helmet', from:'hexuar:botalchemy'}}"
            },
            {
              "nbt": "{ctc:{'id':'light_chestplate', from:'hexuar:botalchemy'}}"
            },
            {
              "nbt": "{ctc:{'id':'light_leggings', from:'hexuar:botalchemy'}}"
            },
            {
              "nbt": "{ctc:{'id':'light_boots', from:'hexuar:botalchemy'}}"
            }
          ]
        }
      }
    }
  }
  