{
  "display": {
    "icon": {
      "item": "minecraft:warped_fungus_on_a_stick",
      "nbt": "{CustomModelData:2220106}"
    },
    "title": "Wither away!",
    "description": "Craft a wither spell by throwing a copy of the book of withering and a wither skeleton skull onto an enchanting table whilst having at least 30 levels of xp"
  },
  "parent": "botalchemy:sorcery/wither_book",
  "criteria": {
    "requirement": {
      "trigger": "minecraft:inventory_changed",
      "conditions": {
        "items": [
          {
            "nbt": "{ctc:{id:'wither_spell', from:'hexuar:botalchemy'}}"
          }
        ]
      }
    }
  }
}
