{
  "display": {
    "icon": {
      "item": "minecraft:iron_sword",
      "nbt": "{CustomModelData:2220102}"
    },
    "title": "Bloodified Iron",
    "description": "Craft a full set of blood iron gear by throwing a blood bottle, a soul and an iron sword or an iron armor piece onto a filled lvl1 or higher blood altar."
  },
  "parent": "botalchemy:blood_magic/blood_altar_lvl1",
  "criteria": {
    "requirement": {
      "trigger": "minecraft:inventory_changed",
      "conditions": {
        "items": [
          {
            "nbt": "{ctc:{'id':'blood_iron_sword', from:'hexuar:botalchemy'}}"
          },
          {
            "nbt": "{ctc:{'id':'blood_iron_helmet', from:'hexuar:botalchemy'}}"
          },
          {
            "nbt": "{ctc:{'id':'blood_iron_chestplate', from:'hexuar:botalchemy'}}"
          },
          {
            "nbt": "{ctc:{'id':'blood_iron_leggings', from:'hexuar:botalchemy'}}"
          },
          {
            "nbt": "{ctc:{'id':'blood_iron_boots', from:'hexuar:botalchemy'}}"
          }
        ]
      }
    }
  }
}
