{
    "display": {
      "icon": {
        "item": "minecraft:command_block",
        "nbt": "{CustomModelData:2220105}"
      },
      "title": "Bottles and bottles of blood",
      "description": "Obtain a blood bottle by throwing a bottle in the blood particles after hurting a mob or player"
    },
    "parent": "botalchemy:blood_magic",
    "criteria": {
      "requirement": {
        "trigger": "minecraft:inventory_changed",
        "conditions": {
          "items": [
            {
              "nbt": "{ctc:{id:'blood_bottle', from:'hexuar:botalchemy'}}"
            }
          ]
        }
      }
    }
  }
  