{
    "display": {
      "icon": {
        "item": "minecraft:item_frame",
        "nbt": "{CustomModelData:2220101}"
      },
      "title": "The Altar",
      "description": "Craft a blood altar by throwing a blood bottle and a deepslate bricks block into an empty cauldron"
    },
    "parent": "botalchemy:blood_magic/blood_bottle",
    "criteria": {
      "requirement": {
        "trigger": "minecraft:inventory_changed",
        "conditions": {
          "items": [
            {
              "nbt": "{ctc:{id:'blood_altar', from:'hexuar:botalchemy'}}"
            }
          ]
        }
      }
    }
  }
  