{
  "display": {
    "icon": {
      "item": "minecraft:diamond_sword",
      "nbt": "{CustomModelData:2220101}"
    },
    "title": "Bloody Diamonds",
    "description": "Craft a full set of blood diamond gear by throwing a villager blood bottle, a soul and a diamond sword or a diamond armor piece onto a filled lvl2 or higher blood altar."
  },
  "parent": "botalchemy:blood_magic/villager_blood_bottle",
  "criteria": {
    "requirement": {
      "trigger": "minecraft:inventory_changed",
      "conditions": {
        "items": [
          {
            "nbt": "{ctc:{'id':'blood_diamond_sword', from:'hexuar:botalchemy'}}"
          },
          {
            "nbt": "{ctc:{'id':'blood_diamond_helmet', from:'hexuar:botalchemy'}}"
          },
          {
            "nbt": "{ctc:{'id':'blood_diamond_chestplate', from:'hexuar:botalchemy'}}"
          },
          {
            "nbt": "{ctc:{'id':'blood_diamond_leggings', from:'hexuar:botalchemy'}}"
          },
          {
            "nbt": "{ctc:{'id':'blood_diamond_boots', from:'hexuar:botalchemy'}}"
          }
        ]
      }
    }
  }
}
