{
  "display": {
    "icon": {
      "item": "minecraft:netherite_sword",
      "nbt": "{CustomModelData:2220102}"
    },
    "title": "Fully decked out",
    "description": "Craft a full set of blood netherite gear by throwing a dragon blood bottle, a wither soul and a netherite sword or a netherite armor piece onto a filled lvl3 blood altar."
  },
  "parent": "botalchemy:blood_magic/dragon_blood_bottle",
  "criteria": {
    "requirement": {
      "trigger": "minecraft:inventory_changed",
      "conditions": {
        "items": [
          {
            "nbt": "{ctc:{'id':'blood_netherite_sword', from:'hexuar:botalchemy'}}"
          },
          {
            "nbt": "{ctc:{'id':'blood_netherite_helmet', from:'hexuar:botalchemy'}}"
          },
          {
            "nbt": "{ctc:{'id':'blood_netherite_chestplate', from:'hexuar:botalchemy'}}"
          },
          {
            "nbt": "{ctc:{'id':'blood_netherite_leggings', from:'hexuar:botalchemy'}}"
          },
          {
            "nbt": "{ctc:{'id':'blood_netherite_boots', from:'hexuar:botalchemy'}}"
          }
        ]
      }
    }
  }
}
