{
    "display": {
      "icon": {
        "item": "minecraft:command_block",
        "nbt": "{CustomModelData:2220106}"
      },
      "title": "Um, should I really drink this?",
      "description": "Brew a diluted dragon blood bottle by throwing a dragon blood bottle and 3 empty bottles onto a filled blood altar"
    },
    "parent": "botalchemy:blood_magic/dragon_blood_bottle",
    "criteria": {
      "requirement": {
        "trigger": "minecraft:inventory_changed",
        "conditions": {
          "items": [
            {
              "nbt": "{ctc:{id:'diluted_dragon_blood_bottle', from:'hexuar:botalchemy'}}"
            }
          ]
        }
      }
    }
  }
  