{
    "display": {
      "icon": {
        "item": "minecraft:command_block",
        "nbt": "{CustomModelData:2220106}"
      },
      "title": "Why is it purple?",
      "description": "Obtain a dragon blood bottle by throwing a bottle in the blood particles after hurting the ender dragon"
    },
    "parent": "botalchemy:blood_magic/blood_altar_lvl3",
    "criteria": {
      "requirement": {
        "trigger": "minecraft:inventory_changed",
        "conditions": {
          "items": [
            {
              "nbt": "{ctc:{id:'dragon_blood_bottle', from:'hexuar:botalchemy'}}"
            }
          ]
        }
      }
    }
  }
  