{
    "display": {
      "icon": {
        "item": "warped_fungus_on_a_stick",
        "nbt": "{CustomModelData:2220103}"
      },
      "frame": "challenge",
      "title": "Stronger than dragons",
      "description": "Craft the dragon blood book by throwing 16 dragon blood bottles, a book and a wither soul onto a filled lvl3 blood altar"
    },
    "parent": "botalchemy:blood_magic/blood_netherite",
    "criteria": {
      "requirement": {
        "trigger": "minecraft:inventory_changed",
        "conditions": {
          "items": [
            {
              "nbt": "{ctc:{id:'dragonblood_book', from:'hexuar:botalchemy'}}"
            }
          ]
        }
      }
    }
  }
  