{
    "display": {
      "icon": {
        "item": "minecraft:warped_fungus_on_a_stick",
        "nbt": "{CustomModelData:2220102}"
      },
      "title": "Daggertime!",
      "description": "Craft a sacrificial dagger by throwing a golden sword and a blood bottle onto a blood altar"
    },
    "parent": "botalchemy:blood_magic/blood_altar",
    "criteria": {
      "requirement": {
        "trigger": "minecraft:inventory_changed",
        "conditions": {
          "items": [
            {
              "nbt": "{ctc:{id:'sacrificial_dagger', from:'hexuar:botalchemy'}}"
            }
          ]
        }
      }
    }
  }
  