{
    "display": {
      "icon": {
        "item": "minecraft:command_block",
        "nbt": "{CustomModelData:2220107}"
      },
      "title": "Souls",
      "description": "Obtain a soul by killing a creature with a soul scythe"
    },
    "parent": "botalchemy:blood_magic/soul_scythe",
    "criteria": {
      "requirement": {
        "trigger": "minecraft:inventory_changed",
        "conditions": {
          "items": [
            {
              "nbt": "{ctc:{id:'soul', from:'hexuar:botalchemy'}}"
            }
          ]
        }
      }
    }
  }
  