{
    "display": {
      "icon": {
        "item": "minecraft:iron_sword",
        "nbt": "{CustomModelData:2220101}"
      },
      "title": "Grim Reaper!",
      "description": "Craft a soul scythe by throwing a golden hoe and a blood bottle onto a blood altar"
    },
    "parent": "botalchemy:blood_magic/blood_altar",
    "criteria": {
      "requirement": {
        "trigger": "minecraft:inventory_changed",
        "conditions": {
          "items": [
            {
              "nbt": "{ctc:{id:'soul_scythe', from:'hexuar:botalchemy'}}"
            }
          ]
        }
      }
    }
  }
  