{
    "display": {
      "icon": {
        "item": "minecraft:command_block",
        "nbt": "{CustomModelData:2220104}"
      },
      "title": "Emerald Green",
      "description": "Obtain a villager blood bottle by throwing a bottle in the blood particles after hurting a villager"
    },
    "parent": "botalchemy:blood_magic/blood_altar_lvl2",
    "criteria": {
      "requirement": {
        "trigger": "minecraft:inventory_changed",
        "conditions": {
          "items": [
            {
              "nbt": "{ctc:{id:'villager_blood_bottle', from:'hexuar:botalchemy'}}"
            }
          ]
        }
      }
    }
  }
  