{
  "display": {
    "icon": {
      "item": "minecraft:command_block",
      "nbt": "{CustomModelData:2220108}"
    },
    "title": "Wither Souls",
    "description": "Obtain a wither soul by killing a wither with a soul scythe",
    "frame": "goal"
  },
  "parent": "botalchemy:blood_magic/soul",
  "criteria": {
    "requirement": {
      "trigger": "minecraft:inventory_changed",
      "conditions": {
        "items": [
          {
            "nbt": "{ctc:{id:'wither_soul', from:'hexuar:botalchemy'}}"
          }
        ]
      }
    }
  }
}
