{
    "display": {
      "icon": {
        "item": "minecraft:item_frame",
        "nbt": "{CustomModelData:2220107}"
      },
      "title": "Alchemy Table",
      "description": "Obtain an Alchemy Table by throwing a heavy weighted pressure plate onto an oak log"
    },
    "parent": "botalchemy:alchemy",
    "criteria": {
      "requirement": {
        "trigger": "minecraft:inventory_changed",
        "conditions": {
          "items": [
            {
              "nbt": "{ctc:{id:'alchemy_table', from:'hexuar:botalchemy'}}"
            }
          ]
        }
      }
    }
  }
  