{
    "__comment": "Made with TheDestruc7i0n's advancements generator: https://advancements.thedestruc7i0n.ca",
    "display": {
        "title": {
            "text": "Botalchemy"
        },
        "description": {
            "text": "Magic!"
        },
        "icon": {
            "item": "minecraft:warped_fungus_on_a_stick",
            "nbt": "{CustomModelData:2220101}"
        },
        "frame": "task",
        "show_toast": true,
        "announce_to_chat": true,
        "hidden": false,
        "background": "minecraft:textures/block/bookshelf.png"
    },
    "criteria": {
        "Tick": {
            "trigger": "minecraft:tick"
        }
    }
}