{
	"parent": "item/generated",
	"textures": {
		"layer0": "item/item_frame"
	},
	"overrides": [
		{ "predicate": { "custom_model_data":2220101}, "model": "botalchemy/block/blood_altar/0"},
		{ "predicate": { "custom_model_data":2220102}, "model": "botalchemy/block/blood_altar/1"},
		{ "predicate": { "custom_model_data":2220103}, "model": "botalchemy/block/blood_altar/2"},
		{ "predicate": { "custom_model_data":2220104}, "model": "botalchemy/block/blood_altar/3"},
		{ "predicate": { "custom_model_data":2220105}, "model": "botalchemy/block/blood_altar/4"},
		{ "predicate": { "custom_model_data":2220106}, "model": "botalchemy/block/undead_portal_frame"},
		{ "predicate": { "custom_model_data":2220107}, "model": "botalchemy/block/alchemy_table"}
	]
}