{
	"parent": "item/generated",
	"textures": {
		"layer0": "item/netherite_boots"
	},
	"overrides": [
		{ "predicate": { "custom_model_data":2220101}, "model": "botalchemy/item/villager_blood_netherite_boots"},
		{ "predicate": { "custom_model_data":2220102}, "model": "botalchemy/item/blood_netherite_boots"},
		{ "predicate": { "custom_model_data":2220103}, "model": "botalchemy/item/white_sorcerer_boots"},
		{ "predicate": { "custom_model_data":2220104}, "model": "botalchemy/item/necromancer_boots"},
		{ "predicate": { "custom_model_data":2220105}, "model": "botalchemy/item/evoker_boots"},
		{ "predicate": { "custom_model_data":2220106}, "model": "botalchemy/item/botanical_mage_boots"},
		{ "predicate": { "custom_model_data":2220107}, "model": "botalchemy/item/sorcerer_boots"}
	]
}