{
	"parent": "item/handheld_rod",
	"textures": {
		"layer0": "item/warped_fungus_on_a_stick"
	},
	"overrides": [
		{ "predicate": { "custom_model_data":2220101}, "model": "botalchemy/item/forest_wand"},
		{ "predicate": { "custom_model_data":2220102}, "model": "botalchemy/item/sacrificial_dagger"},
		{ "predicate": { "custom_model_data":2220103}, "model": "botalchemy/item/dragonblood_book"},
		{ "predicate": { "custom_model_data":2220104}, "model": "botalchemy/item/light_spell"},
		{ "predicate": { "custom_model_data":2220105}, "model": "botalchemy/item/explosive_spell"},
		{ "predicate": { "custom_model_data":2220106}, "model": "botalchemy/item/wither_spell"},
		{ "predicate": { "custom_model_data":2220107}, "model": "botalchemy/item/dragon_spell"},
		{ "predicate": { "custom_model_data":2220108}, "model": "botalchemy/item/healing_spell"},
		{ "predicate": { "custom_model_data":2220109}, "model": "botalchemy/item/vex_ritual_book"},
		{ "predicate": { "custom_model_data":2220110}, "model": "botalchemy/item/fang_ritual_book"},
		{ "predicate": { "custom_model_data":2220111}, "model": "botalchemy/item/undead_book"},
		{ "predicate": { "custom_model_data":2220112}, "model": "botalchemy/item/skeletal_staff"},
		{ "predicate": { "custom_model_data":2220113}, "model": "botalchemy/item/purification_spell"},
		{ "predicate": { "custom_model_data":2220114}, "model": "botalchemy/item/fire_spell"}

	]
}