{
  "temperature": 0.8,
  "downfall": 0.4,
  "precipitation": "none",
  "category": "plains",
  "effects": {
    "sky_color": 4868682,
    "fog_color": 2697513,
    "water_color": 4869199,
    "water_fog_color": 5197647,
    "grass_color": 3684408,
    "foliage_color": 3684408
  },
  "spawners": {
    "monster": [
      {
        "type": "minecraft:zoglin",
        "weight": 2,
        "minCount": 1,
        "maxCount": 2
      },
      {
        "type": "minecraft:wither_skeleton",
        "weight": 2,
        "minCount": 1,
        "maxCount": 4
      },
      {
        "type": "minecraft:zombie",
        "weight": 6,
        "minCount": 3,
        "maxCount": 10
      },
      {
        "type": "minecraft:skeleton",
        "weight": 6,
        "minCount": 3,
        "maxCount": 10
      }
    ],
    "creature": [
      {
        "type": "minecraft:skeleton_horse",
        "weight": 2,
        "minCount": 1,
        "maxCount": 5
      },
      {
        "type": "minecraft:zombie_horse",
        "weight": 2,
        "minCount": 1,
        "maxCount": 5
      }
    ]
  },
  "spawn_costs": {},
  "carvers": {},
  "features": [
    [],
    [],
    [],
    [],
    [],
    [],
    [
      "minecraft:ore_dirt",
      "minecraft:ore_gravel",
      "minecraft:ore_gold",
      "minecraft:ore_redstone",
      "minecraft:ore_diamond",
      "minecraft:ore_lapis",
      "minecraft:ore_copper",
      "minecraft:ore_gold_extra",
      "minecraft:disk_sand",
      "minecraft:disk_clay",
      "minecraft:disk_gravel"
    ],
    [
    ],
    [
      "minecraft:patch_grass_plain",
      "minecraft:glow_lichen"
    ],
    []
  ]
}
