{
  "pools": [
    {
      "rolls": 1,
      "entries": [
        {
          "type": "minecraft:item",
          "name": "minecraft:netherite_sword",
          "functions": [
            {
              "function": "minecraft:set_attributes",
              "modifiers": [
                {
                  "attribute": "minecraft:generic.attack_damage",
                  "name": "generic.attack_damage",
                  "amount": 9,
                  "operation": "addition",
                  "slot": "mainhand"
                },
                {
                  "attribute": "minecraft:generic.attack_speed",
                  "name": "generic.attack_speed",
                  "amount": -2.4,
                  "operation": "addition",
                  "slot": "mainhand"
                }
              ]
            },
            {
              "function": "minecraft:set_nbt",
              "tag": "{CustomModelData: 2220102}"
            },
            {
              "function": "minecraft:set_nbt",
              "tag": "{ctc: {id: 'blood_netherite_sword', from: 'hexuar:botalchemy', traits: {'item': 1b, 'tool/weapon': 1b}}}"
            },
            {
              "function": "minecraft:set_name",
              "name": {
                "translate": "item.botalchemy.blood_netherite_sword",
                "color": "white",
                "italic": false
              }
            },
            {
              "function": "minecraft:set_lore",
              "lore": [
                {
                  "translate": "pack.botalchemy",
                  "color": "blue",
                  "italic": false
                }
              ]
            }
          ]
        }
      ]
    }
  ]
}
