{
    "pools": [
        {
            "rolls": 1,
            "entries": [
                {
                    "type": "minecraft:item",
                    "name": "minecraft:cooked_beef",
                    "functions": [
                        {
                            "function": "minecraft:set_nbt",
                            "tag": "{CustomModelData: 2220101}"
                        },
                        {
                            "function": "minecraft:set_nbt",
                            "tag": "{ctc: {id: 'mandrake', from: 'hexuar:botalchemy', traits: {'item': 1b, 'food':1b}}}"
                        },
                        {
                          "function": "minecraft:set_name",
                          "name": {
                            "translate": "item.botalchemy.mandrake",
                            "italic": false,
                            "color": "white"
                          }
                        },
                        {
                          "function": "minecraft:set_lore",
                          "lore": [
                            {
                              "translate": "pack.botalchemy",
                              "color": "blue",
                              "italic": false
                            }
                          ]
                        }
                    ]
                }
            ]
        }
    ]
}