{
	"credit": "Made with Blockbench",
	"textures": {
		"0": "entity/mandrake",
		"1": "item/mandrake",
		"particle": "entity/mandrake"
	},
	"elements": [
		{
			"from": [8, 0, 5.5],
			"to": [8, 8, 10.5],
			"rotation": {"angle": 45, "axis": "z", "origin": [8, 0.5, 7.5]},
			"faces": {
				"north": {"uv": [0, 0, 0, 8], "texture": "#0"},
				"east": {"uv": [0, 0, 5, 8], "texture": "#0"},
				"south": {"uv": [0, 0, 0, 8], "texture": "#0"},
				"west": {"uv": [0, 0, 5, 8], "texture": "#0"},
				"up": {"uv": [0, 0, 0, 5], "texture": "#0"},
				"down": {"uv": [0, 0, 0, 5], "texture": "#0"}
			}
		},
		{
			"from": [8, 0, 5.5],
			"to": [8, 8, 10.5],
			"rotation": {"angle": -45, "axis": "z", "origin": [8, 0.5, 7.5]},
			"faces": {
				"north": {"uv": [0, 0, 0, 8], "texture": "#0"},
				"east": {"uv": [0, 0, 5, 8], "texture": "#0"},
				"south": {"uv": [0, 0, 0, 8], "texture": "#0"},
				"west": {"uv": [0, 0, 5, 8], "texture": "#0"},
				"up": {"uv": [0, 0, 0, 5], "texture": "#0"},
				"down": {"uv": [0, 0, 0, 5], "texture": "#0"}
			}
		},
		{
			"from": [5.5, 0, 8],
			"to": [10.5, 8, 8],
			"rotation": {"angle": 45, "axis": "x", "origin": [7.5, 0.5, 8]},
			"faces": {
				"north": {"uv": [0, 0, 5, 8], "texture": "#0"},
				"east": {"uv": [0, 0, 0, 8], "texture": "#0"},
				"south": {"uv": [0, 0, 5, 8], "texture": "#0"},
				"west": {"uv": [0, 0, 0, 8], "texture": "#0"},
				"up": {"uv": [0, 0, 0, 5], "rotation": 90, "texture": "#0"},
				"down": {"uv": [0, 0, 0, 5], "rotation": 270, "texture": "#0"}
			}
		},
		{
			"from": [5.5, 0, 8],
			"to": [10.5, 8, 8],
			"rotation": {"angle": 0, "axis": "x", "origin": [7.5, 0.5, 8]},
			"faces": {
				"north": {"uv": [0, 0, 5, 8], "texture": "#0"},
				"east": {"uv": [0, 0, 0, 8], "texture": "#0"},
				"south": {"uv": [0, 0, 5, 8], "texture": "#0"},
				"west": {"uv": [0, 0, 0, 8], "texture": "#0"},
				"up": {"uv": [0, 0, 0, 5], "rotation": 90, "texture": "#0"},
				"down": {"uv": [0, 0, 0, 5], "rotation": 270, "texture": "#0"}
			}
		},
		{
			"from": [8, 0, 5.5],
			"to": [8, 8, 10.5],
			"rotation": {"angle": 0, "axis": "y", "origin": [7.5, 0.5, 8]},
			"faces": {
				"north": {"uv": [0, 0, 0, 8], "texture": "#0"},
				"east": {"uv": [0, 0, 5, 8], "texture": "#0"},
				"south": {"uv": [0, 0, 0, 8], "texture": "#0"},
				"west": {"uv": [0, 0, 5, 8], "texture": "#0"},
				"up": {"uv": [0, 0, 0, 5], "rotation": 180, "texture": "#0"},
				"down": {"uv": [0, 0, 0, 5], "rotation": 180, "texture": "#0"}
			}
		},
		{
			"from": [5.5, 0, 8],
			"to": [10.5, 8, 8],
			"rotation": {"angle": -45, "axis": "x", "origin": [7.5, 0.5, 8]},
			"faces": {
				"north": {"uv": [0, 0, 5, 8], "texture": "#0"},
				"east": {"uv": [0, 0, 0, 8], "texture": "#0"},
				"south": {"uv": [0, 0, 5, 8], "texture": "#0"},
				"west": {"uv": [0, 0, 0, 8], "texture": "#0"},
				"up": {"uv": [0, 0, 0, 5], "rotation": 270, "texture": "#0"},
				"down": {"uv": [0, 0, 0, 5], "rotation": 90, "texture": "#0"}
			}
		},
		{
			"from": [6.5, 0, 6.5],
			"to": [9.5, 1, 9.5],
			"faces": {
				"north": {"uv": [7, 8, 10, 9], "texture": "#1"},
				"east": {"uv": [7, 8, 10, 9], "texture": "#1"},
				"south": {"uv": [7, 11, 10, 12], "texture": "#1"},
				"west": {"uv": [7, 12, 10, 13], "texture": "#1"},
				"up": {"uv": [7, 9, 10, 12], "texture": "#1"},
				"down": {"uv": [7, 10, 10, 13], "texture": "#1"}
			}
		}
	],
	"display": {
		"head": {
			"translation": [0, -18.25, 0],
			"scale": [2, 2, 2]
		}
	}
}