{
    "type": "minecraft:village",
    "biomes": [
      "minecraft:dark_forest",
      "minecraft:birch_forest",
      "minecraft:flower_forest",
      "minecraft:forest",
      "minecraft:old_growth_birch_forest",
      "minecraft:windswept_forest",
      "minecraft:taiga",
      "minecraft:old_growth_pine_taiga",
      "minecraft:old_growth_spruce_taiga"
    ],
    "adapt_noise": true,
    "spawn_overrides": {},
    "config": {
      "start_pool": "botalchemy:wizard_tower",
      "size": 1
    }
  }