[
    {
      "function": "minecraft:set_attributes",
      "modifiers": [
        {
          "attribute": "minecraft:generic.attack_damage",
          "name": "minecraft:generic.attack_damage",
          "amount": {
            "min": -2,
            "max": 3
          },
          "operation": "addition",
          "slot": "mainhand"
        }
      ],
      "conditions": [
        {
          "condition": "minecraft:random_chance",
          "chance": 0.2
        }
      ]
    },
    {
      "function": "minecraft:set_attributes",
      "modifiers": [
        {
          "attribute": "minecraft:generic.attack_knockback",
          "name": "minecraft:generic.attack_knockback",
          "amount": {
            "min": -2,
            "max": 3
          },
          "operation": "addition",
          "slot": "mainhand"
        }
      ],
      "conditions": [
        {
          "condition": "minecraft:random_chance",
          "chance": 0.2
        }
      ]
    },
    {
      "function": "minecraft:set_attributes",
      "modifiers": [
        {
          "attribute": "minecraft:generic.attack_speed",
          "name": "minecraft:generic.attack_speed",
          "amount": {
            "min": -0.7,
            "max": 1
          },
          "operation": "addition",
          "slot": "mainhand"
        }
      ],
      "conditions": [
        {
          "condition": "minecraft:random_chance",
          "chance": 0.2
        }
      ]
    },
    {
      "function": "minecraft:set_attributes",
      "modifiers": [
        {
          "attribute": "minecraft:generic.movement_speed",
          "name": "minecraft:generic.movement_speed",
          "amount": {
            "min": -0.05,
            "max": 0.1
          },
          "operation": "addition",
          "slot": "mainhand"
        }
      ],
      "conditions": [
        {
          "condition": "minecraft:random_chance",
          "chance": 0.2
        }
      ]
    }
  ]
  