{
    "__comment": "Made with TheDestruc7i0n's advancements generator: https://advancements.thedestruc7i0n.ca",
    "display": {
        "title": {
            "text": "Blood Magic"
        },
        "description": {
            "text": "\"Um, what do you need my blood for?\" \n\n(/trigger bot.join.blood_magic to join)"
        },
        "icon": {
            "item": "minecraft:command_block",
            "nbt": "{CustomModelData:2220105}"
        },
        "frame": "goal",
        "show_toast": true,
        "announce_to_chat": true,
        "hidden": false
    },
    "criteria": {
        "Impossible": {
            "trigger": "minecraft:impossible"
        }
    },
    "parent": "botalchemy:root"
}