{
    "__comment": "Made with TheDestruc7i0n's advancements generator: https://advancements.thedestruc7i0n.ca",
    "display": {
        "title": {
            "text": "Botany"
        },
        "description": {
            "text": "\"Make some brews!\" \n\n(/trigger bot.join.botany to join)"
        },
        "icon": {
            "item": "minecraft:mushroom_stew",
            "nbt": "{CustomModelData:2220101}"
        },
        "frame": "goal",
        "show_toast": true,
        "announce_to_chat": true,
        "hidden": false
    },
    "criteria": {
        "Impossible": {
            "trigger": "minecraft:impossible"
        }
    },
    "parent": "botalchemy:root"
}