{
    "__comment": "Made with TheDestruc7i0n's advancements generator: https://advancements.thedestruc7i0n.ca",
    "display": {
        "title": {
            "text": "Sorcery"
        },
        "description": {
            "text": "\"You're a wizard, steve.\" \n\n(/trigger bot.join.sorcery to join)"
        },
        "icon": {
            "item": "minecraft:warped_fungus_on_a_stick",
            "nbt": "{CustomModelData:2220104}"
        },
        "frame": "goal",
        "show_toast": true,
        "announce_to_chat": true,
        "hidden": false
    },
    "criteria": {
        "Impossible": {
            "trigger": "minecraft:impossible"
        }
    },
    "parent": "botalchemy:root"
}