{
	"credit": "Made with Blockbench",
	"texture_size": [32, 32],
	"textures": {
		"1": "item/fang_ritual_book",
		"2": "item/enchanting_table_book",
		"particle": "item/enchanting_table_book"
	},
	"elements": [
		{
			"from": [0, 0, 0],
			"to": [11, 1, 16],
			"faces": {
				"north": {"uv": [0, 0, 5.5, 0.5], "texture": "#1"},
				"east": {"uv": [0, 0, 5.5, 0.5], "texture": "#1"},
				"south": {"uv": [0, 0, 5, 0.5], "texture": "#1"},
				"west": {"uv": [0, 0, 5, 0.5], "texture": "#1"},
				"up": {"uv": [5.5, 0, 11, 8], "texture": "#1"},
				"down": {"uv": [0, 0, 5.5, 8], "rotation": 180, "texture": "#1"}
			}
		},
		{
			"from": [11, 0, 0],
			"to": [22, 1, 16],
			"rotation": {"angle": 45, "axis": "z", "origin": [11, 1, 0]},
			"faces": {
				"north": {"uv": [0, 0, 5.5, 0.5], "rotation": 180, "texture": "#1"},
				"east": {"uv": [0, 0, 5.5, 0.5], "rotation": 180, "texture": "#1"},
				"south": {"uv": [0, 0, 5, 0.5], "rotation": 180, "texture": "#1"},
				"west": {"uv": [0, 0, 5, 0.5], "rotation": 180, "texture": "#1"},
				"up": {"uv": [0, 0, 5.5, 8], "rotation": 180, "texture": "#1"},
				"down": {"uv": [5.5, 0, 11, 8], "rotation": 180, "texture": "#1"}
			}
		},
		{
			"from": [10.9, 0.28995, 0],
			"to": [11.7, 1.28995, 16],
			"rotation": {"angle": 22.5, "axis": "z", "origin": [11.7, 0.3, 0]},
			"faces": {
				"north": {"uv": [0, 0, 5.5, 0.5], "rotation": 180, "texture": "#1"},
				"east": {"uv": [0, 0, 5.5, 0.5], "rotation": 180, "texture": "#1"},
				"south": {"uv": [0, 0, 5, 0.5], "rotation": 180, "texture": "#1"},
				"west": {"uv": [0, 0, 5, 0.5], "rotation": 180, "texture": "#1"},
				"up": {"uv": [0, 0, 0.5, 0.5], "rotation": 180, "texture": "#1"},
				"down": {"uv": [0, 0, 0.5, 0.5], "rotation": 180, "texture": "#1"}
			}
		},
		{
			"from": [10.9, 1, 1],
			"to": [10.9, 11, 15],
			"rotation": {"angle": -45, "axis": "z", "origin": [11, 1, 0]},
			"faces": {
				"north": {"uv": [10.55, 10.5, 10.55, 15.5], "rotation": 90, "texture": "#2"},
				"east": {"uv": [0, 5.75, 3.25, 9.5], "rotation": 90, "texture": "#2"},
				"south": {"uv": [5.45, 10.5, 5.45, 15.5], "rotation": 90, "texture": "#2"},
				"west": {"uv": [0, 5.5, 3.25, 9.5], "rotation": 90, "texture": "#2"},
				"up": {"uv": [5.45, 0.5, 5.45, 7.5], "rotation": 90, "texture": "#2"},
				"down": {"uv": [5.45, 8.5, 5.45, 15.5], "rotation": 270, "texture": "#2"}
			}
		},
		{
			"from": [11, 1, 1],
			"to": [11, 11, 15],
			"rotation": {"angle": -22.5, "axis": "z", "origin": [11, 1, 0]},
			"faces": {
				"north": {"uv": [10.5, 10.5, 10.5, 15.5], "rotation": 90, "texture": "#2"},
				"east": {"uv": [0, 5.5, 3.25, 9.5], "rotation": 90, "texture": "#2"},
				"south": {"uv": [5.5, 10.5, 5.5, 15.5], "rotation": 90, "texture": "#2"},
				"west": {"uv": [0, 5.5, 3.25, 9.5], "rotation": 90, "texture": "#2"},
				"up": {"uv": [5.5, 0.5, 5.5, 7.5], "rotation": 90, "texture": "#2"},
				"down": {"uv": [5.5, 8.5, 5.5, 15.5], "rotation": 270, "texture": "#2"}
			}
		},
		{
			"from": [11, 1, 1],
			"to": [11, 11, 15],
			"rotation": {"angle": 22.5, "axis": "z", "origin": [11, 1, 0]},
			"faces": {
				"north": {"uv": [10.5, 10.5, 10.5, 15.5], "rotation": 90, "texture": "#2"},
				"east": {"uv": [0, 5.5, 3.25, 9.5], "rotation": 90, "texture": "#2"},
				"south": {"uv": [5.5, 10.5, 5.5, 15.5], "rotation": 90, "texture": "#2"},
				"west": {"uv": [0, 5.5, 3.25, 9.5], "rotation": 90, "texture": "#2"},
				"up": {"uv": [5.5, 0.5, 5.5, 7.5], "rotation": 90, "texture": "#2"},
				"down": {"uv": [5.5, 8.5, 5.5, 15.5], "rotation": 270, "texture": "#2"}
			}
		},
		{
			"from": [11, 1, 1],
			"to": [11, 11, 15],
			"rotation": {"angle": 45, "axis": "z", "origin": [11, 1, 0]},
			"faces": {
				"north": {"uv": [10.5, 10.5, 10.5, 15.5], "rotation": 90, "texture": "#2"},
				"east": {"uv": [0, 5.5, 3.25, 9.5], "rotation": 90, "texture": "#2"},
				"south": {"uv": [5.5, 10.5, 5.5, 15.5], "rotation": 90, "texture": "#2"},
				"west": {"uv": [0, 5.5, 3.25, 9.5], "rotation": 90, "texture": "#2"},
				"up": {"uv": [5.5, 0.5, 5.5, 7.5], "rotation": 90, "texture": "#2"},
				"down": {"uv": [5.5, 8.5, 5.5, 15.5], "rotation": 270, "texture": "#2"}
			}
		},
		{
			"from": [1, 1, 1],
			"to": [11, 1, 15],
			"rotation": {"angle": -22.5, "axis": "z", "origin": [11, 1, 0]},
			"faces": {
				"north": {"uv": [10.5, 15.5, 15.5, 15.5], "texture": "#2"},
				"east": {"uv": [8.5, 15.5, 15.5, 15.5], "texture": "#2"},
				"south": {"uv": [0.5, 15.5, 5.5, 15.5], "texture": "#2"},
				"west": {"uv": [0.5, 15.5, 7.5, 15.5], "texture": "#2"},
				"up": {"uv": [0, 5.5, 3.25, 9.5], "rotation": 180, "texture": "#2"},
				"down": {"uv": [0, 5.5, 3.25, 9.5], "texture": "#2"}
			}
		},
		{
			"from": [1, 1.1, 1],
			"to": [11, 1.1, 15],
			"rotation": {"angle": 0, "axis": "z", "origin": [11, 1, 0]},
			"faces": {
				"north": {"uv": [10.5, 15.45, 15.5, 15.45], "texture": "#2"},
				"east": {"uv": [8.5, 15.45, 15.5, 15.45], "texture": "#2"},
				"south": {"uv": [0.5, 15.45, 5.5, 15.45], "texture": "#2"},
				"west": {"uv": [0.5, 15.45, 7.5, 15.45], "texture": "#2"},
				"up": {"uv": [0, 5.5, 3.25, 9.5], "rotation": 180, "texture": "#2"},
				"down": {"uv": [3.25, 5.5, 6.5, 9.5], "rotation": 270, "texture": "#2"}
			}
		},
		{
			"from": [11, 1, 1],
			"to": [11, 11, 15],
			"rotation": {"angle": 0, "axis": "z", "origin": [11, 1, 0]},
			"faces": {
				"north": {"uv": [10.5, 10.5, 10.5, 15.5], "rotation": 90, "texture": "#2"},
				"east": {"uv": [0, 5.5, 3.25, 9.5], "rotation": 90, "texture": "#2"},
				"south": {"uv": [5.5, 10.5, 5.5, 15.5], "rotation": 90, "texture": "#2"},
				"west": {"uv": [0, 5.5, 3.25, 9.5], "rotation": 90, "texture": "#2"},
				"up": {"uv": [5.5, 0.5, 5.5, 7.5], "rotation": 90, "texture": "#2"},
				"down": {"uv": [5.5, 8.5, 5.5, 15.5], "rotation": 270, "texture": "#2"}
			}
		}
	],
	"display": {
		"thirdperson_righthand": {
			"rotation": [90, 0, 0],
			"translation": [-1.75, 3.5, 4.25],
			"scale": [0.5, 0.5, 0.5]
		},
		"thirdperson_lefthand": {
			"rotation": [90, 0, 45],
			"translation": [-1.75, 3.5, 4.25],
			"scale": [0.5, 0.5, 0.5]
		},
		"firstperson_righthand": {
			"rotation": [50, 0, 0]
		},
		"firstperson_lefthand": {
			"rotation": [50, 0, 45]
		},
		"ground": {
			"translation": [0, 2, 0],
			"scale": [0.5, 0.5, 0.5]
		},
		"gui": {
			"rotation": [90, 0, -25],
			"scale": [0.5, 0.5, 0.5]
		},
		"head": {
			"scale": [2, 2, 2]
		},
		"fixed": {
			"rotation": [-90, 0, -25],
			"translation": [0, 0, -7.75]
		}
	},
	"groups": [
		{
			"name": "group",
			"origin": [11, 1, 0],
			"color": 0,
			"children": [0, 1, 2,
				{
					"name": "group",
					"origin": [11, 1, 0],
					"color": 0,
					"children": [3, 4, 5, 6, 7, 8, 9]
				}
			]
		}
	]
}