{
	"credit": "Made with Blockbench",
	"texture_size": [64, 32],
	"textures": {
		"0": "item/skeletal_staff",
		"particle": "item/skeletal_staff"
	},
	"elements": [
		{
			"from": [7, 0, 7],
			"to": [9, 23, 9],
			"faces": {
				"north": {"uv": [8.75, 4.5, 9.25, 16], "texture": "#0"},
				"east": {"uv": [8.75, 4.5, 9.25, 16], "texture": "#0"},
				"south": {"uv": [8.75, 4.5, 9.25, 16], "texture": "#0"},
				"west": {"uv": [8.75, 4.5, 9.25, 16], "texture": "#0"},
				"up": {"uv": [11, 8, 11.5, 9], "texture": "#0"},
				"down": {"uv": [10.5, 8, 11, 9], "texture": "#0"}
			}
		},
		{
			"from": [2, 21, 6],
			"to": [14, 23, 8],
			"faces": {
				"north": {"uv": [8.75, 4.5, 9.25, 10.5], "rotation": 90, "texture": "#0"},
				"east": {"uv": [10.5, 8, 11, 9], "texture": "#0"},
				"south": {"uv": [8.75, 4.5, 9.25, 10.5], "rotation": 90, "texture": "#0"},
				"west": {"uv": [11, 8, 11.5, 9], "texture": "#0"},
				"up": {"uv": [8.75, 7.5, 9.25, 13.5], "rotation": 90, "texture": "#0"},
				"down": {"uv": [8.75, 9, 9.25, 15], "rotation": 90, "texture": "#0"}
			}
		},
		{
			"from": [4, 23, 4],
			"to": [12, 31, 12],
			"faces": {
				"north": {"uv": [2, 4, 4, 8], "texture": "#0"},
				"east": {"uv": [0, 4, 2, 8], "texture": "#0"},
				"south": {"uv": [6, 4, 8, 8], "texture": "#0"},
				"west": {"uv": [4, 4, 6, 8], "texture": "#0"},
				"up": {"uv": [2, 0, 4, 4], "texture": "#0"},
				"down": {"uv": [4, 0, 6, 4], "texture": "#0"}
			}
		}
	],
	"display": {
		"thirdperson_righthand": {
			"translation": [0, -2, 1.5],
			"scale": [0.7, 0.7, 0.7]
		},
		"thirdperson_lefthand": {
			"translation": [0, -2, 1.5],
			"scale": [0.7, 0.7, 0.7]
		},
		"firstperson_righthand": {
			"translation": [0, -2, 1.5],
			"scale": [0.7, 0.7, 0.7]
		},
		"firstperson_lefthand": {
			"translation": [0, -2, 1.5],
			"scale": [0.7, 0.7, 0.7]
		},
		"ground": {
			"translation": [0, 3, 0],
			"scale": [0.7, 0.7, 0.7]
		},
		"gui": {
			"rotation": [0, -180, 0],
			"translation": [0, -4, -1],
			"scale": [0.5, 0.5, 0.5]
		},
		"head": {
			"scale": [2, 2, 2]
		},
		"fixed": {
			"translation": [0, -4, -1],
			"scale": [0.5, 0.5, 0.5]
		}
	}
}