{
    "pools": [
      {
        "rolls": 1,
        "entries": [
          {
            "type": "minecraft:alternatives",
            "children": [
              {
                "type": "minecraft:item",
                "weight": 10,
                "name": "minecraft:written_book",
                "functions": [
                  {
                    "function": "minecraft:set_nbt",
                    "tag": "{pages:['{\"text\":\"Mend our broken bones, let the blood flow back into our veins and grant power to our souls.\",\"font\":\"alt\"}'],title:\"Book of Healing\",author:\"D.B Bafflemore\",generation:1,ctc:{id:'healing_book', from: 'hexuar:botalchemy'}}"
                  }
                ],
                "conditions": [
                  {
                    "condition": "minecraft:random_chance",
                    "chance": 0.2
                  }
                ]
              },
              {
                "type": "minecraft:item",
                "weight": 10,
                "name": "minecraft:written_book",
                "functions": [
                  {
                    "function": "minecraft:set_nbt",
                    "tag": "{pages:['{\"text\":\"Dragonic power, to devour. Grant us thy power.\",\"font\":\"alt\"}'],title:\"Book of Dragons\",author:\"D.B Bafflemore\",generation:1,ctc:{id:'dragon_book', from: 'hexuar:botalchemy'}}"
                  }
                ],
                "conditions": [
                  {
                    "condition": "minecraft:random_chance",
                    "chance": 0.2
                  }
                ]
              },
              {
                "type": "minecraft:item",
                "weight": 10,
                "name": "minecraft:written_book",
                "functions": [
                  {
                    "function": "minecraft:set_nbt",
                    "tag": "{pages:['{\"text\":\"Wither, wither oh great wither, lend us your power and allow us to destroy our enemies.\",\"font\":\"alt\"}'],title:\"Book of Withering\",author:\"D.B Bafflemore\",generation:1,ctc:{id:'wither_book', from: 'hexuar:botalchemy'}}"
                  }
                ],
                "conditions": [
                  {
                    "condition": "minecraft:random_chance",
                    "chance": 0.2
                  }
                ]
              },
              {
                "type": "minecraft:item",
                "weight": 10,
                "name": "minecraft:written_book",
                "functions": [
                  {
                    "function": "minecraft:set_nbt",
                    "tag": "{pages:['{\"text\":\"Power, great explosive power, bombard our enemies with unlimited power.\",\"font\":\"alt\"}'],title:\"Book of Bombs\",author:\"D.B Bafflemore\",generation:1,ctc:{id:'bomb_book', from: 'hexuar:botalchemy'}}"
                  }
                ],
                "conditions": [
                  {
                    "condition": "minecraft:random_chance",
                    "chance": 0.2
                  }
                ]
              },
              {
                "type": "minecraft:item",
                "weight": 10,
                "name": "minecraft:written_book",
                "functions": [
                  {
                    "function": "minecraft:set_nbt",
                    "tag": "{pages:['{\"text\":\"Light, oh light. Praised be the light. Light shine bright from the ancient worlds of delight.\",\"font\":\"alt\"}'],title:\"Book of Light\",author:\"D.B Bafflemore\",\"font\":\"alt\",generation:1,ctc:{id:'light_book', from: 'hexuar:botalchemy'}}"
                  }
                ],
                "conditions": [
                  {
                    "condition": "minecraft:random_chance",
                    "chance": 0.2
                  }
                ]
              }
            ]
          }
        ]
      }
    ]
  }
  