{
  "pools": [
    {
      "rolls": 1,
      "entries": [
        {
          "type": "minecraft:item",
          "name": "minecraft:item_frame",
          "functions": [
            {
              "function": "minecraft:set_nbt",
              "tag": "{CustomModelData: 2220101, EntityTag:{Tags:[\"botalchemy.blood_altar\"],Silent:1b, Invulnerable:1b}, Invulnerable:1b, Invisible:1b, Fixed:1b}"
            },
            {
              "function": "minecraft:set_nbt",
              "tag": "{ctc: {id: 'blood_altar', from: 'hexuar:botalchemy', traits: {'block': 1b}}}"
            },
            {
              "function": "minecraft:set_name",
              "name": {
                "translate": "item.botalchemy.blood_altar",
                "color": "white",
                "italic": false
              }
            },
            {
              "function": "minecraft:set_lore",
              "lore": [
                {
                  "translate": "pack.botalchemy",
                  "color": "blue",
                  "italic": false
                }
              ]
            }
          ]
        }
      ]
    }
  ]
}
