{
	"credit": "Made with Blockbench",
	"texture_size": [64, 64],
	"textures": {
		"0": "block/blood_altar",
		"particle": "block/blood_altar"
	},
	"elements": [
		{
			"from": [0, 0, 0],
			"to": [16, 16, 16],
			"faces": {
				"north": {"uv": [0, 8, 4, 12], "texture": "#0"},
				"east": {"uv": [0, 8, 4, 12], "texture": "#0"},
				"south": {"uv": [0, 8, 4, 12], "texture": "#0"},
				"west": {"uv": [0, 8, 4, 12], "texture": "#0"},
				"up": {"uv": [4, 0, 8, 4], "texture": "#0"},
				"down": {"uv": [4, 4, 8, 8], "rotation": 180, "texture": "#0"}
			}
		},
		{
			"from": [3, 16, 13],
			"to": [13, 17, 14],
			"rotation": {"angle": 0, "axis": "y", "origin": [8, 16.5, 8]},
			"faces": {
				"north": {"uv": [4.5, 0.5, 7, 0.75], "texture": "#0"},
				"east": {"uv": [4.5, 0.5, 4.75, 0.75], "texture": "#0"},
				"south": {"uv": [4.5, 0.5, 7, 0.75], "texture": "#0"},
				"west": {"uv": [4.5, 0.5, 4.75, 0.75], "texture": "#0"},
				"up": {"uv": [4.5, 0.5, 4.75, 3], "rotation": 90, "texture": "#0"},
				"down": {"uv": [4.5, 0.5, 4.75, 3], "rotation": 270, "texture": "#0"}
			}
		},
		{
			"from": [2, 16, 2],
			"to": [3, 17, 14],
			"faces": {
				"north": {"uv": [4.5, 0.5, 4.75, 0.75], "texture": "#0"},
				"east": {"uv": [4.5, 0.5, 7.5, 0.75], "texture": "#0"},
				"south": {"uv": [4.5, 0.5, 4.75, 0.75], "texture": "#0"},
				"west": {"uv": [4.5, 0.5, 7.5, 0.75], "texture": "#0"},
				"up": {"uv": [4.5, 0.5, 4.75, 3.5], "texture": "#0"},
				"down": {"uv": [4.5, 0.5, 4.75, 3.5], "texture": "#0"}
			}
		},
		{
			"from": [3, 16, 2],
			"to": [13, 17, 3],
			"rotation": {"angle": 0, "axis": "y", "origin": [8, 16.5, 8]},
			"faces": {
				"north": {"uv": [4.5, 0.5, 7, 0.75], "texture": "#0"},
				"east": {"uv": [4.5, 0.5, 4.75, 0.75], "texture": "#0"},
				"south": {"uv": [4.5, 0.5, 7, 0.75], "texture": "#0"},
				"west": {"uv": [4.5, 0.5, 4.75, 0.75], "texture": "#0"},
				"up": {"uv": [4.5, 0.5, 4.75, 3], "rotation": 90, "texture": "#0"},
				"down": {"uv": [4.5, 0.5, 4.75, 3], "rotation": 270, "texture": "#0"}
			}
		},
		{
			"from": [13, 16, 2],
			"to": [14, 17, 14],
			"faces": {
				"north": {"uv": [4.5, 0.5, 4.75, 0.75], "texture": "#0"},
				"east": {"uv": [4.5, 0.5, 7.5, 0.75], "texture": "#0"},
				"south": {"uv": [4.5, 0.5, 4.75, 0.75], "texture": "#0"},
				"west": {"uv": [4.5, 0.5, 7.5, 0.75], "texture": "#0"},
				"up": {"uv": [4.5, 0.5, 4.75, 3.5], "texture": "#0"},
				"down": {"uv": [4.5, 0.5, 4.75, 3.5], "texture": "#0"}
			}
		}
	],
	"display": {
		"thirdperson_righthand": {
			"rotation": [0, -45, 0],
			"translation": [0, -1.25, 0],
			"scale": [0.3, 0.3, 0.3]
		},
		"thirdperson_lefthand": {
			"rotation": [0, -45, 0],
			"translation": [0, -1.25, 0],
			"scale": [0.3, 0.3, 0.3]
		},
		"firstperson_righthand": {
			"rotation": [0, 45, 0],
			"scale": [0.4, 0.4, 0.4]
		},
		"firstperson_lefthand": {
			"rotation": [0, 45, 0],
			"scale": [0.4, 0.4, 0.4]
		},
		"ground": {
			"translation": [0, 2, 0],
			"scale": [0.25, 0.25, 0.25]
		},
		"gui": {
			"rotation": [24, -44, 0],
			"scale": [0.6, 0.6, 0.6]
		},
		"head": {
			"translation": [-18.25, -14.75, -18.25],
			"scale": [2.3, 2.3, 2.3]
		},
		"fixed": {
			"translation": [0, 0, -4.5],
			"scale": [0.5, 0.5, 0.5]
		}
	},
	"groups": [
		0,
		{
			"name": "group",
			"origin": [0, 0, 0],
			"color": 0,
			"children": [1, 2, 3, 4]
		}
	]
}