{
  "type": "botalchemy:realm_of_the_undead",
  "generator": {
    "type": "minecraft:noise",
    "seed": 1341929018,
    "settings": "minecraft:overworld",
    "biome_source": {
      "type": "minecraft:multi_noise",
      "biomes": [
        {
          "biome": "botalchemy:haunted_plains",
          "parameters": {
            "temperature": 0.4,
            "humidity": 0.1,
            "continentalness": 0,
            "erosion": 0,
            "weirdness": 0.2,
            "depth": 0,
            "offset": 0
          }
        }
      ]
    }
  }
}
