{
  "display": {
    "icon": {
      "item": "minecraft:netherite_helmet",
      "nbt": "{CustomModelData:2220106}"
    },
    "title": "So you're telling me I have to wear leaves...",
    "description": "Craft a full set of botanical armor by throwing a mandrake together with all netherite armor pieces one at a time"
  },
  "parent": "botalchemy:botany/forest_wand",
  "criteria": {
    "requirement": {
      "trigger": "minecraft:inventory_changed",
      "conditions": {
        "items": [
          {
            "nbt": "{ctc:{'id':'botanical_helmet', from:'hexuar:botalchemy'}}"
          },
          {
            "nbt": "{ctc:{'id':'botanical_chestplate', from:'hexuar:botalchemy'}}"
          },
          {
            "nbt": "{ctc:{'id':'botanical_leggings', from:'hexuar:botalchemy'}}"
          },
          {
            "nbt": "{ctc:{'id':'botanical_boots', from:'hexuar:botalchemy'}}"
          }
        ]
      }
    }
  }
}
