{
  "display": {
    "icon": {
      "item": "minecraft:warped_fungus_on_a_stick",
      "nbt": "{CustomModelData:2220101}"
    },
    "title": "It's... a stick.",
    "description": "Brew a forest wand by throwing azalea leaves, a stick and a mandrake into a filled cauldron above a campfire"
  },
  "parent": "botalchemy:botany/mandrake",
  "criteria": {
    "requirement": {
      "trigger": "minecraft:inventory_changed",
      "conditions": {
        "items": [
          {
            "nbt": "{ctc:{id:'forest_wand', from:'hexuar:botalchemy'}}"
          }
        ]
      }
    }
  }
}
