{
  "display": {
    "icon": {
      "item": "minecraft:cooked_beef",
      "nbt": "{CustomModelData:2220101}"
    },
    "title": "STOP SCREAMING!",
    "description": "Kill a mandrake",
    "frame": "goal"
  },
  "parent": "botalchemy:botany",
  "criteria": {
    "requirement": {
      "trigger": "minecraft:player_killed_entity",
      "conditions": {
        "entity": [
          {
            "condition": "minecraft:entity_properties",
            "entity": "this",
            "predicate": {
              "nbt": "{Tags:[\"botalchemy.mandrake\"]}"
            }
          }
        ]
      }
    }
  }
}
