{
  "display": {
    "icon": {
      "item": "minecraft:mushroom_stew",
      "nbt": "{CustomModelData:2220101}"
    },
    "title": "You can make soup out of it too?",
    "description": "Brew a mandrake brew by throwing a mandrake, a golden apple, sugar, a fern and a bowl into a filled cauldron above a campfire"
  },
  "parent": "botalchemy:botany/mandrake",
  "criteria": {
    "requirement": {
      "trigger": "minecraft:inventory_changed",
      "conditions": {
        "items": [
          {
            "nbt": "{ctc:{id:'mandrake_brew', from:'hexuar:botalchemy'}}"
          }
        ]
      }
    }
  }
}
