{
  "display": {
    "icon": {
      "item": "minecraft:command_block",
      "nbt": "{CustomModelData:2220102}"
    },
    "title": "Some say it brings luck",
    "description": "Brew a rabbit foot talisman by throwing a rabbit foor, a honeycomb and string into a filled cauldron above a campfire"
  },
  "parent": "botalchemy:botany/mandrake",
  "criteria": {
    "requirement": {
      "trigger": "minecraft:inventory_changed",
      "conditions": {
        "items": [
          {
            "nbt": "{ctc:{id:'rabbit_foot_talisman', from:'hexuar:botalchemy'}}"
          }
        ]
      }
    }
  }
}
