{
  "display": {
    "icon": {
      "item": "minecraft:warped_fungus_on_a_stick",
      "nbt": "{CustomModelData:2220110}"
    },
    "title": "They might bite!",
    "description": "Craft a fang ritual book by throwing a villager blood bottle and some shears onto an enchanting table whilst having at least 30 levels of xp"
  },
  "parent": "botalchemy:sorcery/evocation",
  "criteria": {
    "requirement": {
      "trigger": "minecraft:inventory_changed",
      "conditions": {
        "items": [
          {
            "nbt": "{ctc:{id:'fang_ritual_book', from:'hexuar:botalchemy'}}"
          }
        ]
      }
    }
  }
}
