{
  "display": {
    "icon": {
      "item": "minecraft:warped_fungus_on_a_stick",
      "nbt": "{CustomModelData:2220109}"
    },
    "title": "My Personal Army!",
    "description": "Craft a vex ritual book by throwing a villager blood bottle and a feather onto an enchanting table whilst having at least 30 levels of xp"
  },
  "parent": "botalchemy:sorcery/evocation",
  "criteria": {
    "requirement": {
      "trigger": "minecraft:inventory_changed",
      "conditions": {
        "items": [
          {
            "nbt": "{ctc:{id:'vex_ritual_book', from:'hexuar:botalchemy'}}"
          }
        ]
      }
    }
  }
}
